"","Code.région","Nom.de.la.région","Code.département","Code.arrondissement","Code.canton","Code.commune","Nom.de.la.commune","Population.municipale","Population.comptée.à.part","Population.totale"
"1",42,"Alsace",67,6,43,67001,"Achenheim",2043,36,2079
"2",42,"Alsace",67,4,6,67002,"Adamswiller",408,10,418
"3",42,"Alsace",67,5,32,67003,"Albé",467,11,478
"4",42,"Alsace",67,4,13,67004,"Allenwiller",526,7,533
"5",42,"Alsace",67,6,10,67005,"Alteckendorf",824,11,835
"6",42,"Alsace",67,4,21,67006,"Altenheim",214,5,219
"7",42,"Alsace",67,3,14,67008,"Altorf",1280,11,1291
"8",42,"Alsace",67,4,20,67009,"Altwiller",418,10,428
"9",42,"Alsace",67,5,1,67010,"Andlau",1799,75,1874
"10",42,"Alsace",67,5,12,67011,"Artolsheim",933,16,949
"11",42,"Alsace",67,7,26,67012,"Aschbach",677,15,692
"12",42,"Alsace",67,4,6,67013,"Asswiller",292,2,294
"13",42,"Alsace",67,2,3,67014,"Auenheim",898,6,904
"14",42,"Alsace",67,3,14,67016,"Avolsheim",726,10,736
"15",42,"Alsace",67,4,6,67017,"Baerendorf",320,6,326
"16",42,"Alsace",67,3,33,67018,"Balbronn",634,9,643
"17",42,"Alsace",67,5,12,67019,"Baldenheim",1145,20,1165
"18",42,"Alsace",67,3,23,67020,"Barembach",873,15,888
"19",42,"Alsace",67,5,1,67021,"Barr",7052,210,7262
"20",42,"Alsace",67,5,32,67022,"Bassemberg",261,9,270
"21",42,"Alsace",67,2,9,67023,"Batzendorf",954,20,974
"22",42,"Alsace",67,7,25,67025,"Beinheim",1873,27,1900
"23",42,"Alsace",67,3,23,67026,"Bellefosse",135,1,136
"24",42,"Alsace",67,3,23,67027,"Belmont",174,0,174
"25",42,"Alsace",67,5,2,67028,"Benfeld",5667,104,5771
"26",42,"Alsace",67,4,6,67029,"Berg",413,8,421
"27",42,"Alsace",67,3,33,67030,"Bergbieten",680,17,697
"28",42,"Alsace",67,5,16,67031,"Bernardswiller",1425,47,1472
"29",42,"Alsace",67,5,1,67032,"Bernardvillé",218,7,225
"30",42,"Alsace",67,6,5,67033,"Bernolsheim",615,6,621
"31",42,"Alsace",67,6,31,67034,"Berstett",2347,45,2392
"32",42,"Alsace",67,2,9,67035,"Berstheim",413,6,419
"33",42,"Alsace",67,7,26,67339,"Betschdorf",4100,55,4155
"34",42,"Alsace",67,4,6,67036,"Bettwiller",321,3,324
"35",42,"Alsace",67,7,35,67037,"Biblisheim",336,14,350
"36",42,"Alsace",67,6,5,67038,"Bietlenheim",285,2,287
"37",42,"Alsace",67,6,5,67039,"Bilwisheim",390,8,398
"38",42,"Alsace",67,5,12,67040,"Bindernheim",959,14,973
"39",42,"Alsace",67,4,13,67041,"Birkenwald",285,12,297
"40",42,"Alsace",67,6,44,67043,"Bischheim",17491,221,17712
"41",42,"Alsace",67,4,4,67044,"Bischholtz",279,5,284
"42",42,"Alsace",67,3,18,67045,"Bischoffsheim",3322,94,3416
"43",42,"Alsace",67,2,3,67046,"Bischwiller",12643,142,12785
"44",42,"Alsace",67,4,20,67047,"Bissert",159,0,159
"45",42,"Alsace",67,2,15,67048,"Bitschhoffen",449,10,459
"46",42,"Alsace",67,6,8,67049,"Blaesheim",1275,21,1296
"47",42,"Alsace",67,3,23,67050,"Blancherupt",38,0,38
"48",42,"Alsace",67,5,1,67051,"Blienschwiller",334,14,348
"49",42,"Alsace",67,3,18,67052,"Boersch",2420,47,2467
"50",42,"Alsace",67,5,12,67053,"Boesenbiesen",303,11,314
"51",42,"Alsace",67,5,7,67054,"Bolsenheim",463,4,467
"52",42,"Alsace",67,5,2,67055,"Boofzheim",1226,14,1240
"53",42,"Alsace",67,5,12,67056,"Bootzheim",680,9,689
"54",42,"Alsace",67,4,4,67057,"Bosselshausen",164,4,168
"55",42,"Alsace",67,6,10,67058,"Bossendorf",367,4,371
"56",42,"Alsace",67,3,19,67059,"Bourg-Bruche",440,6,446
"57",42,"Alsace",67,5,16,67060,"Bourgheim",562,5,567
"58",42,"Alsace",67,4,4,67061,"Bouxwiller",4017,105,4122
"59",42,"Alsace",67,5,32,67062,"Breitenau",312,9,321
"60",42,"Alsace",67,5,32,67063,"Breitenbach",693,15,708
"61",42,"Alsace",67,6,43,67065,"Breuschwickersheim",1281,10,1291
"62",42,"Alsace",67,3,23,67066,"La Broque",2812,130,2942
"63",42,"Alsace",67,6,5,67067,"Brumath",10072,120,10192
"64",42,"Alsace",67,7,25,67069,"Buhl",518,5,523
"65",42,"Alsace",67,4,6,67070,"Burbach",295,13,308
"66",42,"Alsace",67,4,6,67071,"Bust",443,8,451
"67",42,"Alsace",67,4,4,67068,"Buswiller",213,2,215
"68",42,"Alsace",67,4,20,67072,"Butten",663,7,670
"69",42,"Alsace",67,5,24,67073,"Châtenois",3992,90,4082
"70",42,"Alsace",67,7,34,67074,"Cleebourg",700,18,718
"71",42,"Alsace",67,7,34,67075,"Climbach",505,9,514
"72",42,"Alsace",67,3,19,67076,"Colroy-la-Roche",486,7,493
"73",42,"Alsace",67,3,33,67077,"Cosswiller",568,13,581
"74",42,"Alsace",67,4,13,67078,"Crastatt",228,3,231
"75",42,"Alsace",67,7,25,67079,"Croettwiller",172,4,176
"76",42,"Alsace",67,3,14,67080,"Dachstein",1702,34,1736
"77",42,"Alsace",67,3,33,67081,"Dahlenheim",765,13,778
"78",42,"Alsace",67,2,3,67082,"Dalhunden",1012,12,1024
"79",42,"Alsace",67,2,15,67083,"Dambach",795,13,808
"80",42,"Alsace",67,5,1,67084,"Dambach-la-Ville",2016,50,2066
"81",42,"Alsace",67,3,33,67085,"Dangolsheim",718,21,739
"82",42,"Alsace",67,5,7,67086,"Daubensand",366,10,376
"83",42,"Alsace",67,2,9,67087,"Dauendorf",1447,35,1482
"84",42,"Alsace",67,4,20,67088,"Dehlingen",369,9,378
"85",42,"Alsace",67,4,21,67089,"Dettwiller",2669,57,2726
"86",42,"Alsace",67,5,12,67090,"Diebolsheim",660,43,703
"87",42,"Alsace",67,4,20,67091,"Diedendorf",328,9,337
"88",42,"Alsace",67,5,32,67092,"Dieffenbach-au-Val",611,17,628
"89",42,"Alsace",67,7,35,67093,"Dieffenbach-lès-Woerth",348,8,356
"90",42,"Alsace",67,5,24,67094,"Dieffenthal",252,2,254
"91",42,"Alsace",67,4,6,67095,"Diemeringen",1642,43,1685
"92",42,"Alsace",67,4,13,67096,"Dimbsthal",300,6,306
"93",42,"Alsace",67,6,31,67097,"Dingsheim",1312,24,1336
"94",42,"Alsace",67,3,14,67098,"Dinsheim-sur-Bruche",1378,26,1404
"95",42,"Alsace",67,4,20,67099,"Domfessel",323,4,327
"96",42,"Alsace",67,6,5,67100,"Donnenheim",260,5,265
"97",42,"Alsace",67,3,14,67101,"Dorlisheim",2507,44,2551
"98",42,"Alsace",67,6,31,67102,"Dossenheim-Kochersberg",236,5,241
"99",42,"Alsace",67,4,4,67103,"Dossenheim-sur-Zinsel",1112,25,1137
"100",42,"Alsace",67,7,26,67104,"Drachenbronn-Birlenbach",919,19,938
"101",42,"Alsace",67,4,6,67105,"Drulingen",1471,23,1494
"102",42,"Alsace",67,2,3,67106,"Drusenheim",5089,56,5145
"103",42,"Alsace",67,6,10,67107,"Duntzenheim",618,8,626
"104",42,"Alsace",67,6,8,67108,"Duppigheim",1563,19,1582
"105",42,"Alsace",67,6,31,67109,"Durningen",645,17,662
"106",42,"Alsace",67,7,35,67110,"Durrenbach",1084,33,1117
"107",42,"Alsace",67,4,6,67111,"Durstel",411,14,425
"108",42,"Alsace",67,3,14,67112,"Duttlenheim",2807,24,2831
"109",42,"Alsace",67,7,25,67113,"Eberbach-Seltz",436,5,441
"110",42,"Alsace",67,5,24,67115,"Ebersheim",2312,33,2345
"111",42,"Alsace",67,5,24,67116,"Ebersmunster",479,35,514
"112",42,"Alsace",67,4,21,67117,"Eckartswiller",422,9,431
"113",42,"Alsace",67,6,43,67118,"Eckbolsheim",6619,97,6716
"114",42,"Alsace",67,6,5,67119,"Eckwersheim",1370,18,1388
"115",42,"Alsace",67,5,1,67120,"Eichhoffen",558,10,568
"116",42,"Alsace",67,5,12,67121,"Elsenheim",819,15,834
"117",42,"Alsace",67,2,15,67123,"Engwiller",467,6,473
"118",42,"Alsace",67,6,8,67124,"Entzheim",2007,24,2031
"119",42,"Alsace",67,5,1,67125,"Epfig",2217,86,2303
"120",42,"Alsace",67,4,17,67126,"Erckartswiller",309,3,312
"121",42,"Alsace",67,3,14,67127,"Ergersheim",1252,25,1277
"122",42,"Alsace",67,3,14,67128,"Ernolsheim-Bruche",1773,27,1800
"123",42,"Alsace",67,4,21,67129,"Ernolsheim-lès-Saverne",602,15,617
"124",42,"Alsace",67,5,7,67130,"Erstein",10764,162,10926
"125",42,"Alsace",67,6,8,67131,"Eschau",4738,65,4803
"126",42,"Alsace",67,7,35,67132,"Eschbach",933,19,952
"127",42,"Alsace",67,4,17,67133,"Eschbourg",501,14,515
"128",42,"Alsace",67,4,6,67134,"Eschwiller",192,4,196
"129",42,"Alsace",67,6,10,67135,"Ettendorf",795,21,816
"130",42,"Alsace",67,4,6,67136,"Eywiller",265,3,268
"131",42,"Alsace",67,6,8,67137,"Fegersheim",5443,90,5533
"132",42,"Alsace",67,6,31,67138,"Fessenheim-le-Bas",534,5,539
"133",42,"Alsace",67,3,33,67139,"Flexbourg",499,13,512
"134",42,"Alsace",67,2,3,67140,"Forstfeld",730,5,735
"135",42,"Alsace",67,7,35,67141,"Forstheim",574,6,580
"136",42,"Alsace",67,2,3,67142,"Fort-Louis",321,3,324
"137",42,"Alsace",67,5,32,67143,"Fouchy",669,10,679
"138",42,"Alsace",67,3,23,67144,"Fouday",358,5,363
"139",42,"Alsace",67,6,10,67145,"Friedolsheim",257,0,257
"140",42,"Alsace",67,5,2,67146,"Friesenheim",630,8,638
"141",42,"Alsace",67,7,35,67147,"Froeschwiller",529,13,542
"142",42,"Alsace",67,4,17,67148,"Frohmuhl",186,4,190
"143",42,"Alsace",67,4,21,67149,"Furchhausen",417,16,433
"144",42,"Alsace",67,6,31,67150,"Furdenheim",1278,8,1286
"145",42,"Alsace",67,6,5,67151,"Gambsheim",4572,52,4624
"146",42,"Alsace",67,6,8,67152,"Geispolsheim",7124,95,7219
"147",42,"Alsace",67,6,10,67153,"Geiswiller",195,2,197
"148",42,"Alsace",67,5,7,67154,"Gerstheim",3249,31,3280
"149",42,"Alsace",67,5,1,67155,"Gertwiller",1195,25,1220
"150",42,"Alsace",67,6,5,67156,"Geudertheim",2310,20,2330
"151",42,"Alsace",67,6,10,67158,"Gingsheim",319,4,323
"152",42,"Alsace",67,4,6,67159,"Goerlingen",250,3,253
"153",42,"Alsace",67,7,35,67160,"Goersdorf",1121,27,1148
"154",42,"Alsace",67,4,13,67161,"Gottenhouse",392,12,404
"155",42,"Alsace",67,4,21,67162,"Gottesheim",344,5,349
"156",42,"Alsace",67,6,31,67163,"Gougenheim",557,5,562
"157",42,"Alsace",67,5,16,67164,"Goxwiller",841,13,854
"158",42,"Alsace",67,3,23,67165,"Grandfontaine",431,6,437
"159",42,"Alsace",67,6,10,67166,"Grassendorf",219,5,224
"160",42,"Alsace",67,3,18,67167,"Grendelbruch",1261,38,1299
"161",42,"Alsace",67,3,14,67168,"Gresswiller",1629,33,1662
"162",42,"Alsace",67,6,5,67169,"Gries",2791,31,2822
"163",42,"Alsace",67,3,18,67172,"Griesheim-près-Molsheim",2125,33,2158
"164",42,"Alsace",67,6,31,67173,"Griesheim-sur-Souffel",1128,28,1156
"165",42,"Alsace",67,2,15,67174,"Gumbrechtshoffen",1159,19,1178
"166",42,"Alsace",67,2,15,67176,"Gundershoffen",3586,58,3644
"167",42,"Alsace",67,4,6,67178,"Gungwiller",277,5,282
"168",42,"Alsace",67,7,35,67177,"Gunstett",693,11,704
"169",42,"Alsace",67,4,13,67179,"Haegen",657,16,673
"170",42,"Alsace",67,2,9,67180,"Haguenau",34406,614,35020
"171",42,"Alsace",67,6,31,67181,"Handschuheim",298,2,300
"172",42,"Alsace",67,6,43,67182,"Hangenbieten",1477,8,1485
"173",42,"Alsace",67,4,20,67183,"Harskirchen",838,9,847
"174",42,"Alsace",67,7,26,67184,"Hatten",1939,30,1969
"175",42,"Alsace",67,4,21,67185,"Hattmatt",667,16,683
"176",42,"Alsace",67,7,35,67186,"Hegeney",393,1,394
"177",42,"Alsace",67,5,12,67187,"Heidolsheim",474,9,483
"178",42,"Alsace",67,3,14,67188,"Heiligenberg",646,9,655
"179",42,"Alsace",67,5,1,67189,"Heiligenstein",962,19,981
"180",42,"Alsace",67,4,13,67190,"Hengwiller",181,1,182
"181",42,"Alsace",67,4,20,67191,"Herbitzheim",1886,34,1920
"182",42,"Alsace",67,5,2,67192,"Herbsheim",912,9,921
"183",42,"Alsace",67,2,3,67194,"Herrlisheim",4808,60,4868
"184",42,"Alsace",67,5,12,67195,"Hessenheim",588,6,594
"185",42,"Alsace",67,5,12,67196,"Hilsenheim",2551,122,2673
"186",42,"Alsace",67,5,7,67197,"Hindisheim",1404,26,1430
"187",42,"Alsace",67,4,17,67198,"Hinsbourg",119,3,122
"188",42,"Alsace",67,4,20,67199,"Hinsingen",84,1,85
"189",42,"Alsace",67,5,7,67200,"Hipsheim",865,28,893
"190",42,"Alsace",67,4,6,67201,"Hirschland",332,6,338
"191",42,"Alsace",67,6,10,67202,"Hochfelden",3505,43,3548
"192",42,"Alsace",67,2,9,67203,"Hochstett",316,7,323
"193",42,"Alsace",67,6,44,67204,"Hoenheim",11031,133,11164
"194",42,"Alsace",67,6,5,67205,"Hoerdt",4408,68,4476
"195",42,"Alsace",67,7,26,67206,"Hoffen",1163,21,1184
"196",42,"Alsace",67,6,10,67207,"Hohatzenheim",207,1,208
"197",42,"Alsace",67,4,13,67208,"Hohengoeft",522,5,527
"198",42,"Alsace",67,6,10,67209,"Hohfrankenheim",258,2,260
"199",42,"Alsace",67,5,1,67210,"Le Hohwald",509,18,527
"200",42,"Alsace",67,6,8,67212,"Holtzheim",3394,32,3426
"201",42,"Alsace",67,7,26,67213,"Hunspach",661,20,681
"202",42,"Alsace",67,6,31,67214,"Hurtigheim",575,5,580
"203",42,"Alsace",67,2,9,67215,"Huttendorf",478,7,485
"204",42,"Alsace",67,5,2,67216,"Huttenheim",2591,44,2635
"205",42,"Alsace",67,5,7,67217,"Ichtratzheim",270,1,271
"206",42,"Alsace",67,6,42,67218,"Illkirch-Graffenstaden",26379,786,27165
"207",42,"Alsace",67,6,10,67220,"Ingenheim",326,1,327
"208",42,"Alsace",67,7,26,67221,"Ingolsheim",285,5,290
"209",42,"Alsace",67,4,4,67222,"Ingwiller",4242,52,4294
"210",42,"Alsace",67,5,16,67223,"Innenheim",1132,14,1146
"211",42,"Alsace",67,6,10,67225,"Issenhausen",109,4,113
"212",42,"Alsace",67,6,43,67226,"Ittenheim",2170,38,2208
"213",42,"Alsace",67,5,1,67227,"Itterswiller",263,8,271
"214",42,"Alsace",67,4,13,67229,"Jetterswiller",196,2,198
"215",42,"Alsace",67,2,9,67230,"Kaltenhouse",2240,23,2263
"216",42,"Alsace",67,2,3,67231,"Kauffenheim",215,2,217
"217",42,"Alsace",67,7,26,67232,"Keffenach",203,10,213
"218",42,"Alsace",67,5,2,67233,"Kertzfeld",1293,19,1312
"219",42,"Alsace",67,4,20,67234,"Keskastel",1612,33,1645
"220",42,"Alsace",67,7,25,67235,"Kesseldorf",428,4,432
"221",42,"Alsace",67,6,31,67236,"Kienheim",582,15,597
"222",42,"Alsace",67,6,5,67237,"Kilstett",2489,36,2525
"223",42,"Alsace",67,2,15,67238,"Kindwiller",601,12,613
"224",42,"Alsace",67,5,24,67239,"Kintzheim",1580,32,1612
"225",42,"Alsace",67,3,33,67240,"Kirchheim",668,10,678
"226",42,"Alsace",67,4,6,67241,"Kirrberg",181,0,181
"227",42,"Alsace",67,4,4,67242,"Kirrwiller",522,17,539
"228",42,"Alsace",67,4,13,67244,"Kleingoeft",143,0,143
"229",42,"Alsace",67,4,13,67245,"Knoersheim",213,6,219
"230",42,"Alsace",67,5,2,67246,"Kogenheim",1117,10,1127
"231",42,"Alsace",67,6,8,67247,"Kolbsheim",819,6,825
"232",42,"Alsace",67,5,16,67248,"Krautergersheim",1723,29,1752
"233",42,"Alsace",67,6,5,67249,"Krautwiller",188,2,190
"234",42,"Alsace",67,6,5,67250,"Kriegsheim",705,20,725
"235",42,"Alsace",67,6,5,67252,"Kurtzenhouse",1036,7,1043
"236",42,"Alsace",67,6,31,67253,"Kuttolsheim",669,14,683
"237",42,"Alsace",67,7,26,67254,"Kutzenhausen",899,16,915
"238",42,"Alsace",67,5,32,67255,"Lalaye",430,5,435
"239",42,"Alsace",67,6,43,67256,"Lampertheim",2914,72,2986
"240",42,"Alsace",67,7,35,67257,"Lampertsloch",722,15,737
"241",42,"Alsace",67,4,13,67258,"Landersheim",199,2,201
"242",42,"Alsace",67,7,35,67259,"Langensoultzbach",919,20,939
"243",42,"Alsace",67,7,35,67260,"Laubach",312,5,317
"244",42,"Alsace",67,7,11,67261,"Lauterbourg",2234,42,2276
"245",42,"Alsace",67,7,34,67263,"Lembach",1620,34,1654
"246",42,"Alsace",67,2,3,67264,"Leutenheim",855,10,865
"247",42,"Alsace",67,4,17,67265,"Lichtenberg",559,7,566
"248",42,"Alsace",67,5,7,67266,"Limersheim",672,7,679
"249",42,"Alsace",67,6,42,67267,"Lingolsheim",16941,176,17117
"250",42,"Alsace",67,6,8,67268,"Lipsheim",2489,40,2529
"251",42,"Alsace",67,4,21,67269,"Littenheim",297,2,299
"252",42,"Alsace",67,6,10,67270,"Lixhausen",352,2,354
"253",42,"Alsace",67,7,26,67271,"Lobsann",627,21,648
"254",42,"Alsace",67,4,13,67272,"Lochwiller",443,5,448
"255",42,"Alsace",67,4,17,67273,"Lohr",494,13,507
"256",42,"Alsace",67,4,20,67274,"Lorentzen",210,1,211
"257",42,"Alsace",67,4,21,67275,"Lupstein",814,8,822
"258",42,"Alsace",67,3,14,67276,"Lutzelhouse",1849,32,1881
"259",42,"Alsace",67,5,12,67277,"Mackenheim",740,14,754
"260",42,"Alsace",67,4,6,67278,"Mackwiller",592,10,602
"261",42,"Alsace",67,4,21,67279,"Maennolsheim",242,2,244
"262",42,"Alsace",67,5,32,67280,"Maisonsgoutte",808,11,819
"263",42,"Alsace",67,5,12,67281,"Marckolsheim",4171,63,4234
"264",42,"Alsace",67,3,33,67282,"Marlenheim",3906,54,3960
"265",42,"Alsace",67,4,13,67283,"Marmoutier",2737,70,2807
"266",42,"Alsace",67,5,2,67285,"Matzenheim",1416,136,1552
"267",42,"Alsace",67,5,16,67286,"Meistratzheim",1438,13,1451
"268",42,"Alsace",67,6,10,67287,"Melsheim",575,10,585
"269",42,"Alsace",67,7,26,67288,"Memmelshoffen",326,6,332
"270",42,"Alsace",67,4,4,67289,"Menchhoffen",579,11,590
"271",42,"Alsace",67,7,26,67290,"Merkwiller-Pechelbronn",970,17,987
"272",42,"Alsace",67,2,15,67291,"Mertzwiller",3413,39,3452
"273",42,"Alsace",67,2,15,67292,"Mietesheim",654,8,662
"274",42,"Alsace",67,6,10,67293,"Minversheim",680,8,688
"275",42,"Alsace",67,5,1,67295,"Mittelbergheim",660,16,676
"276",42,"Alsace",67,6,43,67296,"Mittelhausbergen",1768,31,1799
"277",42,"Alsace",67,6,10,67297,"Mittelhausen",556,7,563
"278",42,"Alsace",67,6,5,67298,"Mittelschaeffolsheim",532,8,540
"279",42,"Alsace",67,3,18,67299,"Mollkirch",969,19,988
"280",42,"Alsace",67,3,14,67300,"Molsheim",9227,191,9418
"281",42,"Alsace",67,6,5,67301,"Mommenheim",1765,29,1794
"282",42,"Alsace",67,4,21,67302,"Monswiller",2118,31,2149
"283",42,"Alsace",67,7,35,67303,"Morsbronn-les-Bains",742,13,755
"284",42,"Alsace",67,2,9,67304,"Morschwiller",584,12,596
"285",42,"Alsace",67,7,25,67305,"Mothern",2020,20,2040
"286",42,"Alsace",67,3,14,67306,"Muhlbach-sur-Bruche",647,73,720
"287",42,"Alsace",67,4,4,67307,"Mulhausen",454,8,462
"288",42,"Alsace",67,7,25,67308,"Munchhausen",716,12,728
"289",42,"Alsace",67,6,43,67309,"Mundolsheim",4878,99,4977
"290",42,"Alsace",67,5,12,67310,"Mussig",1156,37,1193
"291",42,"Alsace",67,5,12,67311,"Muttersholtz",1961,38,1999
"292",42,"Alsace",67,6,10,67312,"Mutzenhouse",399,2,401
"293",42,"Alsace",67,3,14,67313,"Mutzig",5820,70,5890
"294",42,"Alsace",67,3,23,67314,"Natzwiller",586,12,598
"295",42,"Alsace",67,7,11,67315,"Neewiller-près-Lauterbourg",634,14,648
"296",42,"Alsace",67,5,32,67317,"Neubois",658,9,667
"297",42,"Alsace",67,6,31,67228,"Neugartheim-Ittlenheim",798,15,813
"298",42,"Alsace",67,2,3,67319,"Neuhaeusel",361,1,362
"299",42,"Alsace",67,5,32,67320,"Neuve-Église",623,18,641
"300",42,"Alsace",67,3,23,67321,"Neuviller-la-Roche",380,11,391
"301",42,"Alsace",67,4,4,67322,"Neuwiller-lès-Saverne",1132,22,1154
"302",42,"Alsace",67,2,15,67324,"Niederbronn-les-Bains",4327,76,4403
"303",42,"Alsace",67,3,14,67325,"Niederhaslach",1399,19,1418
"304",42,"Alsace",67,6,43,67326,"Niederhausbergen",1361,23,1384
"305",42,"Alsace",67,7,11,67327,"Niederlauterbach",949,20,969
"306",42,"Alsace",67,4,4,67328,"Niedermodern",840,10,850
"307",42,"Alsace",67,5,16,67329,"Niedernai",1207,18,1225
"308",42,"Alsace",67,7,25,67330,"Niederroedern",923,15,938
"309",42,"Alsace",67,2,9,67331,"Niederschaeffolsheim",1315,16,1331
"310",42,"Alsace",67,4,4,67333,"Niedersoultzbach",248,2,250
"311",42,"Alsace",67,7,34,67334,"Niedersteinbach",143,4,147
"312",42,"Alsace",67,3,33,67335,"Nordheim",776,15,791
"313",42,"Alsace",67,5,7,67336,"Nordhouse",1709,18,1727
"314",42,"Alsace",67,5,1,67337,"Nothalten",460,13,473
"315",42,"Alsace",67,5,7,67338,"Obenheim",1402,19,1421
"316",42,"Alsace",67,2,15,67340,"Oberbronn",1507,20,1527
"317",42,"Alsace",67,7,35,67341,"Oberdorf-Spachbach",363,7,370
"318",42,"Alsace",67,3,14,67342,"Oberhaslach",1773,32,1805
"319",42,"Alsace",67,6,43,67343,"Oberhausbergen",4818,62,4880
"320",42,"Alsace",67,7,34,67344,"Oberhoffen-lès-Wissembourg",323,14,337
"321",42,"Alsace",67,2,3,67345,"Oberhoffen-sur-Moder",3390,42,3432
"322",42,"Alsace",67,7,25,67346,"Oberlauterbach",536,19,555
"323",42,"Alsace",67,4,4,67347,"Obermodern-Zutzendorf",1703,30,1733
"324",42,"Alsace",67,5,16,67348,"Obernai",10822,607,11429
"325",42,"Alsace",67,7,26,67349,"Oberroedern",543,11,554
"326",42,"Alsace",67,6,43,67350,"Oberschaeffolsheim",2200,35,2235
"327",42,"Alsace",67,4,4,67352,"Obersoultzbach",416,8,424
"328",42,"Alsace",67,7,34,67353,"Obersteinbach",237,6,243
"329",42,"Alsace",67,3,33,67354,"Odratzheim",439,7,446
"330",42,"Alsace",67,4,20,67355,"Oermingen",1227,17,1244
"331",42,"Alsace",67,2,3,67356,"Offendorf",2222,21,2243
"332",42,"Alsace",67,2,15,67358,"Offwiller",818,12,830
"333",42,"Alsace",67,2,9,67359,"Ohlungen",1319,22,1341
"334",42,"Alsace",67,5,12,67360,"Ohnenheim",933,21,954
"335",42,"Alsace",67,6,5,67361,"Olwisheim",501,6,507
"336",42,"Alsace",67,5,24,67362,"Orschwiller",634,11,645
"337",42,"Alsace",67,6,31,67363,"Osthoffen",825,15,840
"338",42,"Alsace",67,5,7,67364,"Osthouse",926,14,940
"339",42,"Alsace",67,6,42,67365,"Ostwald",11682,112,11794
"340",42,"Alsace",67,4,21,67366,"Ottersthal",692,19,711
"341",42,"Alsace",67,4,13,67367,"Otterswiller",1363,33,1396
"342",42,"Alsace",67,3,18,67368,"Ottrott",1589,51,1640
"343",42,"Alsace",67,4,6,67369,"Ottwiller",250,3,253
"344",42,"Alsace",67,4,17,67370,"Petersbach",666,11,677
"345",42,"Alsace",67,4,17,67371,"La Petite-Pierre",629,13,642
"346",42,"Alsace",67,4,4,67372,"Pfaffenhoffen",2829,44,2873
"347",42,"Alsace",67,4,17,67373,"Pfalzweyer",321,6,327
"348",42,"Alsace",67,6,31,67374,"Pfettisheim",793,13,806
"349",42,"Alsace",67,6,31,67375,"Pfulgriesheim",1222,26,1248
"350",42,"Alsace",67,3,19,67377,"Plaine",978,21,999
"351",42,"Alsace",67,6,8,67378,"Plobsheim",4110,54,4164
"352",42,"Alsace",67,7,35,67379,"Preuschdorf",954,8,962
"353",42,"Alsace",67,4,21,67380,"Printzheim",209,8,217
"354",42,"Alsace",67,4,17,67381,"Puberg",341,5,346
"355",42,"Alsace",67,6,31,67382,"Quatzenheim",820,11,831
"356",42,"Alsace",67,4,13,67383,"Rangen",197,2,199
"357",42,"Alsace",67,3,19,67384,"Ranrupt",348,7,355
"358",42,"Alsace",67,4,20,67385,"Ratzwiller",253,3,256
"359",42,"Alsace",67,4,6,67386,"Rauwiller",216,0,216
"360",42,"Alsace",67,5,1,67387,"Reichsfeld",302,3,305
"361",42,"Alsace",67,2,15,67388,"Reichshoffen",5516,87,5603
"362",42,"Alsace",67,6,43,67389,"Reichstett",4404,53,4457
"363",42,"Alsace",67,4,13,67391,"Reinhardsmunster",469,16,485
"364",42,"Alsace",67,4,17,67392,"Reipertswiller",912,6,918
"365",42,"Alsace",67,7,26,67394,"Retschwiller",273,10,283
"366",42,"Alsace",67,4,13,67395,"Reutenbourg",400,7,407
"367",42,"Alsace",67,4,6,67396,"Rexingen",204,6,210
"368",42,"Alsace",67,5,2,67397,"Rhinau",2689,39,2728
"369",42,"Alsace",67,5,12,67398,"Richtolsheim",348,3,351
"370",42,"Alsace",67,7,34,67400,"Riedseltz",1104,23,1127
"371",42,"Alsace",67,4,20,67401,"Rimsdorf",314,4,318
"372",42,"Alsace",67,6,10,67402,"Ringeldorf",104,0,104
"373",42,"Alsace",67,6,10,67403,"Ringendorf",441,7,448
"374",42,"Alsace",67,7,26,67404,"Rittershoffen",894,10,904
"375",42,"Alsace",67,2,3,67405,"Roeschwoog",2248,42,2290
"376",42,"Alsace",67,6,31,67406,"Rohr",268,7,275
"377",42,"Alsace",67,2,3,67407,"Rohrwiller",1686,14,1700
"378",42,"Alsace",67,3,33,67408,"Romanswiller",1327,16,1343
"379",42,"Alsace",67,2,3,67409,"Roppenheim",944,17,961
"380",42,"Alsace",67,3,18,67410,"Rosenwiller",680,10,690
"381",42,"Alsace",67,3,18,67411,"Rosheim",4891,101,4992
"382",42,"Alsace",67,5,2,67412,"Rossfeld",892,20,912
"383",42,"Alsace",67,4,17,67413,"Rosteig",590,3,593
"384",42,"Alsace",67,3,23,67414,"Rothau",1585,19,1604
"385",42,"Alsace",67,2,15,67415,"Rothbach",462,13,475
"386",42,"Alsace",67,7,34,67416,"Rott",472,7,479
"387",42,"Alsace",67,6,5,67417,"Rottelsheim",325,7,332
"388",42,"Alsace",67,2,3,67418,"Rountzenheim",1067,20,1087
"389",42,"Alsace",67,3,23,67420,"Russ",1264,31,1295
"390",42,"Alsace",67,3,19,67421,"Saales",820,12,832
"391",42,"Alsace",67,5,12,67422,"Saasenheim",603,14,617
"392",42,"Alsace",67,6,10,67423,"Saessolsheim",530,9,539
"393",42,"Alsace",67,3,19,67424,"Saint-Blaise-la-Roche",238,1,239
"394",42,"Alsace",67,4,21,67425,"Saint-Jean-Saverne",592,15,607
"395",42,"Alsace",67,5,32,67426,"Saint-Martin",354,3,357
"396",42,"Alsace",67,5,32,67427,"Saint-Maurice",387,20,407
"397",42,"Alsace",67,3,18,67428,"Saint-Nabor",471,23,494
"398",42,"Alsace",67,5,1,67429,"Saint-Pierre",567,10,577
"399",42,"Alsace",67,5,32,67430,"Saint-Pierre-Bois",751,15,766
"400",42,"Alsace",67,4,13,67431,"Salenthal",231,3,234
"401",42,"Alsace",67,7,11,67432,"Salmbach",561,16,577
"402",42,"Alsace",67,5,2,67433,"Sand",1140,19,1159
"403",42,"Alsace",67,4,20,67434,"Sarre-Union",2961,66,3027
"404",42,"Alsace",67,4,20,67435,"Sarrewerden",920,22,942
"405",42,"Alsace",67,3,19,67436,"Saulxures",523,5,528
"406",42,"Alsace",67,4,21,67437,"Saverne",11730,274,12004
"407",42,"Alsace",67,5,7,67438,"Schaeffersheim",833,16,849
"408",42,"Alsace",67,7,25,67440,"Schaffhouse-près-Seltz",575,19,594
"409",42,"Alsace",67,6,10,67439,"Schaffhouse-sur-Zorn",398,2,400
"410",42,"Alsace",67,4,4,67441,"Schalkendorf",317,4,321
"411",42,"Alsace",67,3,33,67442,"Scharrachbergheim-Irmstett",1154,52,1206
"412",42,"Alsace",67,7,11,67443,"Scheibenhard",801,18,819
"413",42,"Alsace",67,6,10,67444,"Scherlenheim",126,1,127
"414",42,"Alsace",67,5,24,67445,"Scherwiller",3136,63,3199
"415",42,"Alsace",67,4,4,67446,"Schillersdorf",440,9,449
"416",42,"Alsace",67,6,22,67447,"Schiltigheim",31691,295,31986
"417",42,"Alsace",67,3,23,67448,"Schirmeck",2372,66,2438
"418",42,"Alsace",67,2,3,67449,"Schirrhein",2205,29,2234
"419",42,"Alsace",67,2,3,67450,"Schirrhoffen",703,6,709
"420",42,"Alsace",67,7,34,67451,"Schleithal",1461,33,1494
"421",42,"Alsace",67,6,31,67452,"Schnersheim",1411,27,1438
"422",42,"Alsace",67,5,12,67453,"Schoenau",591,11,602
"423",42,"Alsace",67,4,17,67454,"Schoenbourg",440,9,449
"424",42,"Alsace",67,7,26,67455,"Schoenenbourg",674,6,680
"425",42,"Alsace",67,4,20,67456,"Schopperten",414,9,423
"426",42,"Alsace",67,2,9,67458,"Schweighouse-sur-Moder",4911,72,4983
"427",42,"Alsace",67,4,13,67459,"Schwenheim",702,13,715
"428",42,"Alsace",67,6,10,67460,"Schwindratzheim",1574,14,1588
"429",42,"Alsace",67,5,12,67461,"Schwobsheim",342,2,344
"430",42,"Alsace",67,7,34,67351,"Seebach",1699,51,1750
"431",42,"Alsace",67,5,24,67462,"Sélestat",19397,397,19794
"432",42,"Alsace",67,7,25,67463,"Seltz",3281,37,3318
"433",42,"Alsace",67,5,2,67464,"Sermersheim",838,8,846
"434",42,"Alsace",67,2,3,67465,"Sessenheim",2190,20,2210
"435",42,"Alsace",67,7,25,67466,"Siegen",512,13,525
"436",42,"Alsace",67,4,6,67467,"Siewiller",418,8,426
"437",42,"Alsace",67,4,20,67468,"Siltzheim",650,13,663
"438",42,"Alsace",67,4,13,67469,"Singrist",383,9,392
"439",42,"Alsace",67,3,23,67470,"Solbach",112,5,117
"440",42,"Alsace",67,6,43,67471,"Souffelweyersheim",7549,79,7628
"441",42,"Alsace",67,2,3,67472,"Soufflenheim",4950,52,5002
"442",42,"Alsace",67,3,14,67473,"Soultz-les-Bains",949,28,977
"443",42,"Alsace",67,7,26,67474,"Soultz-sous-Forêts",3011,46,3057
"444",42,"Alsace",67,4,17,67475,"Sparsbach",261,6,267
"445",42,"Alsace",67,2,3,67476,"Stattmatten",684,9,693
"446",42,"Alsace",67,5,32,67477,"Steige",606,9,615
"447",42,"Alsace",67,4,21,67478,"Steinbourg",1997,35,2032
"448",42,"Alsace",67,7,34,67479,"Steinseltz",645,6,651
"449",42,"Alsace",67,3,14,67480,"Still",1790,29,1819
"450",42,"Alsace",67,5,1,67481,"Stotzheim",1032,29,1061
"451",42,"Alsace",67,8,99,67482,"Strasbourg",274394,4543,278937
"452",42,"Alsace",67,4,17,67483,"Struth",255,5,260
"453",42,"Alsace",67,7,26,67484,"Stundwiller",474,7,481
"454",42,"Alsace",67,6,31,67485,"Stutzheim-Offenheim",1429,26,1455
"455",42,"Alsace",67,5,12,67486,"Sundhouse",1697,22,1719
"456",42,"Alsace",67,7,26,67487,"Surbourg",1634,27,1661
"457",42,"Alsace",67,4,6,67488,"Thal-Drulingen",180,4,184
"458",42,"Alsace",67,4,13,67489,"Thal-Marmoutier",778,13,791
"459",42,"Alsace",67,5,32,67490,"Thanvillé",604,24,628
"460",42,"Alsace",67,4,17,67491,"Tieffenbach",282,8,290
"461",42,"Alsace",67,3,33,67492,"Traenheim",686,15,701
"462",42,"Alsace",67,5,32,67493,"Triembach-au-Val",457,14,471
"463",42,"Alsace",67,7,25,67494,"Trimbach",537,12,549
"464",42,"Alsace",67,6,31,67495,"Truchtersheim",2953,48,3001
"465",42,"Alsace",67,2,15,67496,"Uberach",1184,28,1212
"466",42,"Alsace",67,2,9,67497,"Uhlwiller",702,9,711
"467",42,"Alsace",67,2,15,67498,"Uhrwiller",702,12,714
"468",42,"Alsace",67,5,32,67499,"Urbeis",311,10,321
"469",42,"Alsace",67,3,14,67500,"Urmatt",1474,24,1498
"470",42,"Alsace",67,5,7,67501,"Uttenheim",569,9,578
"471",42,"Alsace",67,2,15,67502,"Uttenhoffen",182,0,182
"472",42,"Alsace",67,4,4,67503,"Uttwiller",164,5,169
"473",42,"Alsace",67,5,16,67504,"Valff",1226,18,1244
"474",42,"Alsace",67,5,24,67505,"La Vancelle",375,19,394
"475",42,"Alsace",67,6,5,67506,"Vendenheim",5548,78,5626
"476",42,"Alsace",67,5,32,67507,"Villé",1825,34,1859
"477",42,"Alsace",67,4,20,67508,"Voellerdingen",394,10,404
"478",42,"Alsace",67,4,6,67509,"Volksberg",340,4,344
"479",42,"Alsace",67,2,9,67510,"Wahlenheim",379,4,383
"480",42,"Alsace",67,7,35,67511,"Walbourg",829,303,1132
"481",42,"Alsace",67,2,15,67512,"La Walck",1144,13,1157
"482",42,"Alsace",67,3,23,67513,"Waldersbach",148,1,149
"483",42,"Alsace",67,4,6,67514,"Waldhambach",624,13,637
"484",42,"Alsace",67,4,21,67515,"Waldolwisheim",542,14,556
"485",42,"Alsace",67,6,10,67516,"Waltenheim-sur-Zorn",669,19,688
"486",42,"Alsace",67,3,33,67517,"Wangen",715,10,725
"487",42,"Alsace",67,3,33,67122,"Wangenbourg-Engenthal",1365,19,1384
"488",42,"Alsace",67,6,5,67519,"La Wantzenau",5773,123,5896
"489",42,"Alsace",67,3,33,67520,"Wasselonne",5662,54,5716
"490",42,"Alsace",67,4,4,67521,"Weinbourg",413,7,420
"491",42,"Alsace",67,4,6,67522,"Weislingen",556,16,572
"492",42,"Alsace",67,2,9,67523,"Weitbruch",2730,47,2777
"493",42,"Alsace",67,4,17,67524,"Weiterswiller",569,13,582
"494",42,"Alsace",67,3,33,67525,"Westhoffen",1669,27,1696
"495",42,"Alsace",67,5,7,67526,"Westhouse",1441,21,1462
"496",42,"Alsace",67,4,13,67527,"Westhouse-Marmoutier",255,4,259
"497",42,"Alsace",67,4,6,67528,"Weyer",614,10,624
"498",42,"Alsace",67,6,5,67529,"Weyersheim",3353,40,3393
"499",42,"Alsace",67,6,10,67530,"Wickersheim-Wilshausen",454,10,464
"500",42,"Alsace",67,3,23,67531,"Wildersbach",311,7,318
"501",42,"Alsace",67,6,31,67532,"Willgottheim",1085,17,1102
"502",42,"Alsace",67,6,10,67534,"Wilwisheim",711,14,725
"503",42,"Alsace",67,4,17,67535,"Wimmenau",1133,23,1156
"504",42,"Alsace",67,2,15,67536,"Windstein",174,5,179
"505",42,"Alsace",67,7,34,67537,"Wingen",451,10,461
"506",42,"Alsace",67,4,17,67538,"Wingen-sur-Moder",1562,17,1579
"507",42,"Alsace",67,6,10,67539,"Wingersheim",1181,16,1197
"508",42,"Alsace",67,2,9,67540,"Wintershouse",895,12,907
"509",42,"Alsace",67,7,25,67541,"Wintzenbach",583,10,593
"510",42,"Alsace",67,6,31,67542,"Wintzenheim-Kochersberg",341,5,346
"511",42,"Alsace",67,3,23,67543,"Wisches",2145,29,2174
"512",42,"Alsace",67,7,34,67544,"Wissembourg",7757,289,8046
"513",42,"Alsace",67,5,2,67545,"Witternheim",517,9,526
"514",42,"Alsace",67,2,9,67546,"Wittersheim",597,16,613
"515",42,"Alsace",67,5,12,67547,"Wittisheim",2081,28,2109
"516",42,"Alsace",67,6,31,67548,"Wiwersheim",860,13,873
"517",42,"Alsace",67,7,35,67550,"Woerth",1769,39,1808
"518",42,"Alsace",67,6,43,67551,"Wolfisheim",3984,62,4046
"519",42,"Alsace",67,4,20,67552,"Wolfskirchen",355,13,368
"520",42,"Alsace",67,4,21,67553,"Wolschheim",311,5,316
"521",42,"Alsace",67,3,14,67554,"Wolxheim",880,18,898
"522",42,"Alsace",67,4,13,67555,"Zehnacker",254,2,256
"523",42,"Alsace",67,4,13,67556,"Zeinheim",203,2,205
"524",42,"Alsace",67,5,16,67557,"Zellwiller",729,14,743
"525",42,"Alsace",67,2,15,67558,"Zinswiller",788,8,796
"526",42,"Alsace",67,4,17,67559,"Zittersheim",237,7,244
"527",42,"Alsace",67,6,10,67560,"Zoebersdorf",169,13,182
"528",42,"Alsace",68,2,19,68001,"Algolsheim",1172,14,1186
"529",42,"Alsace",68,1,5,68002,"Altenach",375,8,383
"530",42,"Alsace",68,1,1,68004,"Altkirch",5747,179,5926
"531",42,"Alsace",68,5,12,68005,"Ammerschwihr",1773,63,1836
"532",42,"Alsace",68,1,5,68006,"Ammerzwiller",404,6,410
"533",42,"Alsace",68,2,2,68007,"Andolsheim",2240,79,2319
"534",42,"Alsace",68,2,19,68008,"Appenwihr",606,3,609
"535",42,"Alsace",68,2,2,68009,"Artzenheim",803,17,820
"536",42,"Alsace",68,1,1,68010,"Aspach",1131,33,1164
"537",42,"Alsace",68,6,3,68011,"Aspach-le-Bas",1302,40,1342
"538",42,"Alsace",68,6,25,68012,"Aspach-le-Haut",1472,44,1516
"539",42,"Alsace",68,4,11,68013,"Attenschwiller",917,19,936
"540",42,"Alsace",68,5,23,68014,"Aubure",355,12,367
"541",42,"Alsace",68,4,31,68015,"Baldersheim",2603,41,2644
"542",42,"Alsace",68,2,19,68016,"Balgau",934,14,948
"543",42,"Alsace",68,1,1,68017,"Ballersdorf",815,23,838
"544",42,"Alsace",68,1,5,68018,"Balschwiller",808,20,828
"545",42,"Alsace",68,2,2,68019,"Baltzenheim",586,8,594
"546",42,"Alsace",68,4,31,68020,"Bantzenheim",1641,33,1674
"547",42,"Alsace",68,4,13,68021,"Bartenheim",3806,58,3864
"548",42,"Alsace",68,4,31,68022,"Battenheim",1409,47,1456
"549",42,"Alsace",68,5,12,68023,"Beblenheim",984,25,1009
"550",42,"Alsace",68,1,5,68024,"Bellemagny",188,6,194
"551",42,"Alsace",68,1,7,68025,"Bendorf",223,6,229
"552",42,"Alsace",68,5,12,68026,"Bennwihr",1243,39,1282
"553",42,"Alsace",68,1,1,68027,"Berentzwiller",322,10,332
"554",42,"Alsace",68,5,20,68028,"Bergheim",1941,51,1992
"555",42,"Alsace",68,3,8,68029,"Bergholtz",1063,38,1101
"556",42,"Alsace",68,3,8,68030,"Bergholtzzell",450,8,458
"557",42,"Alsace",68,6,3,68031,"Bernwiller",658,13,671
"558",42,"Alsace",68,3,24,68032,"Berrwiller",1174,40,1214
"559",42,"Alsace",68,1,10,68033,"Bettendorf",478,15,493
"560",42,"Alsace",68,1,7,68034,"Bettlach",320,7,327
"561",42,"Alsace",68,1,7,68035,"Biederthal",278,13,291
"562",42,"Alsace",68,2,19,68036,"Biesheim",2506,38,2544
"563",42,"Alsace",68,3,6,68037,"Biltzheim",419,5,424
"564",42,"Alsace",68,2,2,68038,"Bischwihr",956,31,987
"565",42,"Alsace",68,1,10,68039,"Bisel",564,14,578
"566",42,"Alsace",68,6,25,68040,"Bitschwiller-lès-Thann",1991,49,2040
"567",42,"Alsace",68,3,6,68041,"Blodelsheim",1770,30,1800
"568",42,"Alsace",68,4,11,68042,"Blotzheim",4268,107,4375
"569",42,"Alsace",68,3,24,68043,"Bollwiller",3695,53,3748
"570",42,"Alsace",68,5,14,68044,"Le Bonhomme",812,30,842
"571",42,"Alsace",68,6,25,68045,"Bourbach-le-Bas",605,9,614
"572",42,"Alsace",68,6,15,68046,"Bourbach-le-Haut",416,10,426
"573",42,"Alsace",68,1,7,68049,"Bouxwiller",445,17,462
"574",42,"Alsace",68,1,5,68050,"Bréchaumont",423,3,426
"575",42,"Alsace",68,2,18,68051,"Breitenbach-Haut-Rhin",848,29,877
"576",42,"Alsace",68,1,5,68052,"Bretten",171,2,173
"577",42,"Alsace",68,4,13,68054,"Brinckheim",347,12,359
"578",42,"Alsace",68,4,17,68055,"Bruebach",1020,28,1048
"579",42,"Alsace",68,4,17,68056,"Brunstatt",6114,178,6292
"580",42,"Alsace",68,1,5,68057,"Buethwiller",261,4,265
"581",42,"Alsace",68,3,8,68058,"Buhl",3310,68,3378
"582",42,"Alsace",68,6,3,68059,"Burnhaupt-le-Bas",1826,48,1874
"583",42,"Alsace",68,6,3,68060,"Burnhaupt-le-Haut",1677,44,1721
"584",42,"Alsace",68,4,11,68061,"Buschwiller",1005,8,1013
"585",42,"Alsace",68,1,1,68062,"Carspach",2045,106,2151
"586",42,"Alsace",68,6,3,68063,"Cernay",11398,246,11644
"587",42,"Alsace",68,4,31,68064,"Chalampé",969,20,989
"588",42,"Alsace",68,1,5,68065,"Chavannes-sur-l'Étang",666,6,672
"589",42,"Alsace",68,2,98,68066,"Colmar",67257,1585,68842
"590",42,"Alsace",68,1,7,68067,"Courtavon",340,4,344
"591",42,"Alsace",68,1,5,68068,"Dannemarie",2311,40,2351
"592",42,"Alsace",68,2,19,68069,"Dessenheim",1277,26,1303
"593",42,"Alsace",68,4,17,68070,"Didenheim",1739,33,1772
"594",42,"Alsace",68,1,5,68071,"Diefmatten",288,2,290
"595",42,"Alsace",68,4,13,68072,"Dietwiller",1413,28,1441
"596",42,"Alsace",68,6,15,68073,"Dolleren",457,15,472
"597",42,"Alsace",68,1,7,68074,"Durlinsdorf",550,15,565
"598",42,"Alsace",68,1,7,68075,"Durmenach",899,21,920
"599",42,"Alsace",68,2,2,68076,"Durrenentzen",935,10,945
"600",42,"Alsace",68,1,1,68077,"Eglingen",363,7,370
"601",42,"Alsace",68,2,26,68078,"Eguisheim",1747,55,1802
"602",42,"Alsace",68,1,5,68079,"Elbach",256,6,262
"603",42,"Alsace",68,1,1,68080,"Emlingen",274,5,279
"604",42,"Alsace",68,3,6,68082,"Ensisheim",7336,101,7437
"605",42,"Alsace",68,2,18,68083,"Eschbach-au-Val",370,12,382
"606",42,"Alsace",68,4,9,68084,"Eschentzwiller",1499,43,1542
"607",42,"Alsace",68,1,5,68085,"Eteimbes",379,2,381
"608",42,"Alsace",68,1,5,68086,"Falkwiller",183,3,186
"609",42,"Alsace",68,1,10,68087,"Feldbach",461,13,474
"610",42,"Alsace",68,3,24,68088,"Feldkirch",934,17,951
"611",42,"Alsace",68,6,22,68089,"Fellering",1704,35,1739
"612",42,"Alsace",68,1,7,68090,"Ferrette",779,13,792
"613",42,"Alsace",68,3,6,68091,"Fessenheim",2288,37,2325
"614",42,"Alsace",68,1,7,68092,"Fislis",425,8,433
"615",42,"Alsace",68,4,17,68093,"Flaxlanden",1460,56,1516
"616",42,"Alsace",68,4,11,68094,"Folgensbourg",899,29,928
"617",42,"Alsace",68,2,2,68095,"Fortschwihr",1178,63,1241
"618",42,"Alsace",68,1,1,68096,"Franken",341,9,350
"619",42,"Alsace",68,5,14,68097,"Fréland",1377,39,1416
"620",42,"Alsace",68,1,10,68098,"Friesen",615,16,631
"621",42,"Alsace",68,1,1,68099,"Froeningen",698,20,718
"622",42,"Alsace",68,1,10,68100,"Fulleren",336,8,344
"623",42,"Alsace",68,4,17,68101,"Galfingue",792,12,804
"624",42,"Alsace",68,6,22,68102,"Geishouse",478,12,490
"625",42,"Alsace",68,4,13,68103,"Geispitzen",429,12,441
"626",42,"Alsace",68,2,19,68104,"Geiswasser",326,4,330
"627",42,"Alsace",68,1,5,68105,"Gildwiller",289,11,300
"628",42,"Alsace",68,6,22,68106,"Goldbach-Altenbach",280,9,289
"629",42,"Alsace",68,1,5,68107,"Gommersdorf",356,10,366
"630",42,"Alsace",68,1,10,68108,"Grentzingen",545,18,563
"631",42,"Alsace",68,2,18,68109,"Griesbach-au-Val",744,20,764
"632",42,"Alsace",68,2,2,68110,"Grussenheim",788,17,805
"633",42,"Alsace",68,3,21,68111,"Gueberschwihr",832,31,863
"634",42,"Alsace",68,3,8,68112,"Guebwiller",11440,326,11766
"635",42,"Alsace",68,5,20,68113,"Guémar",1352,38,1390
"636",42,"Alsace",68,1,5,68114,"Guevenatten",133,5,138
"637",42,"Alsace",68,6,25,68115,"Guewenheim",1333,23,1356
"638",42,"Alsace",68,3,21,68116,"Gundolsheim",741,19,760
"639",42,"Alsace",68,2,18,68117,"Gunsbach",941,16,957
"640",42,"Alsace",68,4,9,68118,"Habsheim",4944,69,5013
"641",42,"Alsace",68,1,5,68119,"Hagenbach",685,24,709
"642",42,"Alsace",68,4,11,68120,"Hagenthal-le-Bas",1188,26,1214
"643",42,"Alsace",68,4,11,68121,"Hagenthal-le-Haut",637,12,649
"644",42,"Alsace",68,3,24,68122,"Hartmannswiller",655,17,672
"645",42,"Alsace",68,3,21,68123,"Hattstatt",805,20,825
"646",42,"Alsace",68,1,1,68124,"Hausgauen",417,14,431
"647",42,"Alsace",68,1,5,68125,"Hecken",444,8,452
"648",42,"Alsace",68,4,11,68126,"Hégenheim",3265,86,3351
"649",42,"Alsace",68,1,1,68127,"Heidwiller",598,24,622
"650",42,"Alsace",68,1,10,68128,"Heimersdorf",650,13,663
"651",42,"Alsace",68,4,17,68129,"Heimsbrunn",1383,36,1419
"652",42,"Alsace",68,2,19,68130,"Heiteren",999,14,1013
"653",42,"Alsace",68,1,1,68131,"Heiwiller",182,2,184
"654",42,"Alsace",68,4,13,68132,"Helfrantzkirch",731,17,748
"655",42,"Alsace",68,1,10,68133,"Henflingen",205,4,209
"656",42,"Alsace",68,2,26,68134,"Herrlisheim-près-Colmar",1808,39,1847
"657",42,"Alsace",68,4,11,68135,"Hésingue",2541,52,2593
"658",42,"Alsace",68,2,19,68136,"Hettenschlag",337,2,339
"659",42,"Alsace",68,1,10,68137,"Hindlingen",643,6,649
"660",42,"Alsace",68,1,10,68138,"Hirsingue",2233,27,2260
"661",42,"Alsace",68,1,10,68139,"Hirtzbach",1393,24,1417
"662",42,"Alsace",68,3,6,68140,"Hirtzfelden",1189,23,1212
"663",42,"Alsace",68,1,1,68141,"Hochstatt",2085,41,2126
"664",42,"Alsace",68,2,18,68142,"Hohrod",303,8,311
"665",42,"Alsace",68,2,2,68143,"Holtzwihr",1358,35,1393
"666",42,"Alsace",68,4,31,68144,"Hombourg",1182,30,1212
"667",42,"Alsace",68,2,2,68145,"Horbourg-Wihr",5243,142,5385
"668",42,"Alsace",68,2,2,68146,"Houssen",1831,43,1874
"669",42,"Alsace",68,5,20,68147,"Hunawihr",589,14,603
"670",42,"Alsace",68,1,1,68148,"Hundsbach",333,2,335
"671",42,"Alsace",68,4,11,68149,"Huningue",6884,113,6997
"672",42,"Alsace",68,2,26,68150,"Husseren-les-Châteaux",490,13,503
"673",42,"Alsace",68,6,22,68151,"Husseren-Wesserling",989,29,1018
"674",42,"Alsace",68,1,1,68152,"Illfurth",2511,43,2554
"675",42,"Alsace",68,5,20,68153,"Illhaeusern",669,16,685
"676",42,"Alsace",68,4,31,68154,"Illzach",14812,306,15118
"677",42,"Alsace",68,5,12,68155,"Ingersheim",4621,83,4704
"678",42,"Alsace",68,3,24,68156,"Issenheim",3485,59,3544
"679",42,"Alsace",68,2,2,68157,"Jebsheim",1207,10,1217
"680",42,"Alsace",68,1,1,68158,"Jettingen",505,7,512
"681",42,"Alsace",68,3,24,68159,"Jungholtz",913,16,929
"682",42,"Alsace",68,4,13,68160,"Kappelen",552,8,560
"683",42,"Alsace",68,5,12,68161,"Katzenthal",538,12,550
"684",42,"Alsace",68,5,12,68162,"Kaysersberg",2705,78,2783
"685",42,"Alsace",68,4,13,68163,"Kembs",4855,92,4947
"686",42,"Alsace",68,5,12,68164,"Kientzheim",729,35,764
"687",42,"Alsace",68,1,7,68165,"Kiffis",230,4,234
"688",42,"Alsace",68,4,27,68166,"Kingersheim",12954,271,13225
"689",42,"Alsace",68,6,15,68167,"Kirchberg",816,16,832
"690",42,"Alsace",68,4,11,68168,"Knoeringue",356,11,367
"691",42,"Alsace",68,1,7,68169,"Koestlach",513,6,519
"692",42,"Alsace",68,4,13,68170,"Koetzingue",587,14,601
"693",42,"Alsace",68,6,22,68171,"Kruth",962,24,986
"694",42,"Alsace",68,2,2,68172,"Kunheim",1785,33,1818
"695",42,"Alsace",68,5,14,68173,"Labaroche",2244,62,2306
"696",42,"Alsace",68,4,13,68174,"Landser",1554,41,1595
"697",42,"Alsace",68,5,14,68175,"Lapoutroie",1924,51,1975
"698",42,"Alsace",68,1,10,68176,"Largitzen",308,3,311
"699",42,"Alsace",68,3,8,68177,"Lautenbach",1574,36,1610
"700",42,"Alsace",68,3,8,68178,"Lautenbachzell",974,22,996
"701",42,"Alsace",68,6,15,68179,"Lauw",938,32,970
"702",42,"Alsace",68,6,25,68180,"Leimbach",838,19,857
"703",42,"Alsace",68,1,7,68181,"Levoncourt",244,1,245
"704",42,"Alsace",68,4,11,68182,"Leymen",1165,37,1202
"705",42,"Alsace",68,4,11,68183,"Liebenswiller",201,5,206
"706",42,"Alsace",68,1,7,68184,"Liebsdorf",342,6,348
"707",42,"Alsace",68,5,23,68185,"Lièpvre",1710,24,1734
"708",42,"Alsace",68,1,7,68186,"Ligsdorf",321,8,329
"709",42,"Alsace",68,1,7,68187,"Linsdorf",322,13,335
"710",42,"Alsace",68,3,8,68188,"Linthal",646,11,657
"711",42,"Alsace",68,2,19,68189,"Logelheim",838,22,860
"712",42,"Alsace",68,1,7,68190,"Lucelle",39,1,40
"713",42,"Alsace",68,1,1,68191,"Luemschwiller",709,4,713
"714",42,"Alsace",68,2,18,68193,"Luttenbach-près-Munster",754,17,771
"715",42,"Alsace",68,1,7,68194,"Lutter",291,10,301
"716",42,"Alsace",68,4,27,68195,"Lutterbach",6192,138,6330
"717",42,"Alsace",68,1,5,68196,"Magny",295,2,297
"718",42,"Alsace",68,4,13,68197,"Magstatt-le-Bas",481,15,496
"719",42,"Alsace",68,4,13,68198,"Magstatt-le-Haut",276,3,279
"720",42,"Alsace",68,6,22,68199,"Malmerspach",522,7,529
"721",42,"Alsace",68,1,5,68200,"Manspach",556,4,560
"722",42,"Alsace",68,6,15,68201,"Masevaux",3334,39,3373
"723",42,"Alsace",68,1,10,68202,"Mertzen",222,1,223
"724",42,"Alsace",68,3,24,68203,"Merxheim",1287,19,1306
"725",42,"Alsace",68,2,18,68204,"Metzeral",1090,21,1111
"726",42,"Alsace",68,3,6,68205,"Meyenheim",1742,9,1751
"727",42,"Alsace",68,6,25,68206,"Michelbach",354,6,360
"728",42,"Alsace",68,4,11,68207,"Michelbach-le-Bas",708,22,730
"729",42,"Alsace",68,4,11,68208,"Michelbach-le-Haut",587,5,592
"730",42,"Alsace",68,5,12,68209,"Mittelwihr",831,19,850
"731",42,"Alsace",68,2,18,68210,"Mittlach",339,13,352
"732",42,"Alsace",68,6,22,68211,"Mitzach",420,14,434
"733",42,"Alsace",68,1,7,68212,"Moernach",583,15,598
"734",42,"Alsace",68,6,22,68213,"Mollau",392,8,400
"735",42,"Alsace",68,1,5,68214,"Montreux-Jeune",341,11,352
"736",42,"Alsace",68,1,5,68215,"Montreux-Vieux",888,13,901
"737",42,"Alsace",68,6,22,68217,"Moosch",1721,28,1749
"738",42,"Alsace",68,1,7,68216,"Mooslargue",437,15,452
"739",42,"Alsace",68,4,17,68218,"Morschwiller-le-Bas",3527,91,3618
"740",42,"Alsace",68,6,15,68219,"Mortzwiller",332,12,344
"741",42,"Alsace",68,1,7,68221,"Muespach",839,19,858
"742",42,"Alsace",68,1,7,68222,"Muespach-le-Haut",1023,23,1046
"743",42,"Alsace",68,2,18,68223,"Muhlbach-sur-Munster",739,14,753
"744",42,"Alsace",68,4,99,68224,"Mulhouse",110755,1768,112523
"745",42,"Alsace",68,3,6,68225,"Munchhouse",1617,32,1649
"746",42,"Alsace",68,2,18,68226,"Munster",4791,111,4902
"747",42,"Alsace",68,2,2,68227,"Muntzenheim",1118,39,1157
"748",42,"Alsace",68,3,6,68228,"Munwiller",468,13,481
"749",42,"Alsace",68,3,8,68229,"Murbach",140,3,143
"750",42,"Alsace",68,2,19,68230,"Nambsheim",601,6,607
"751",42,"Alsace",68,2,19,68231,"Neuf-Brisach",1997,21,2018
"752",42,"Alsace",68,4,11,68232,"Neuwiller",535,15,550
"753",42,"Alsace",68,6,15,68233,"Niederbruck",464,15,479
"754",42,"Alsace",68,3,6,68234,"Niederentzen",544,7,551
"755",42,"Alsace",68,3,6,68235,"Niederhergheim",1021,17,1038
"756",42,"Alsace",68,5,12,68237,"Niedermorschwihr",541,22,563
"757",42,"Alsace",68,4,31,68238,"Niffer",960,19,979
"758",42,"Alsace",68,6,15,68239,"Oberbruck",428,10,438
"759",42,"Alsace",68,1,10,68240,"Oberdorf",595,11,606
"760",42,"Alsace",68,3,6,68241,"Oberentzen",579,13,592
"761",42,"Alsace",68,3,6,68242,"Oberhergheim",1200,17,1217
"762",42,"Alsace",68,1,7,68243,"Oberlarg",152,9,161
"763",42,"Alsace",68,2,26,68244,"Obermorschwihr",364,32,396
"764",42,"Alsace",68,1,1,68245,"Obermorschwiller",400,13,413
"765",42,"Alsace",68,2,19,68246,"Obersaasheim",1014,25,1039
"766",42,"Alsace",68,6,22,68247,"Oderen",1299,16,1315
"767",42,"Alsace",68,1,7,68248,"Oltingue",733,17,750
"768",42,"Alsace",68,5,14,68249,"Orbey",3647,76,3723
"769",42,"Alsace",68,3,8,68250,"Orschwihr",1052,22,1074
"770",42,"Alsace",68,3,21,68251,"Osenbach",885,27,912
"771",42,"Alsace",68,5,20,68252,"Ostheim",1568,26,1594
"772",42,"Alsace",68,4,31,68253,"Ottmarsheim",1829,29,1858
"773",42,"Alsace",68,4,31,68254,"Petit-Landau",775,12,787
"774",42,"Alsace",68,3,21,68255,"Pfaffenheim",1319,30,1349
"775",42,"Alsace",68,4,27,68256,"Pfastatt",9269,164,9433
"776",42,"Alsace",68,1,10,68257,"Pfetterhouse",1029,15,1044
"777",42,"Alsace",68,3,6,68258,"Pulversheim",2925,72,2997
"778",42,"Alsace",68,1,7,68259,"Raedersdorf",509,9,518
"779",42,"Alsace",68,3,24,68260,"Raedersheim",1150,21,1171
"780",42,"Alsace",68,6,25,68261,"Rammersmatt",213,5,218
"781",42,"Alsace",68,6,22,68262,"Ranspach",842,25,867
"782",42,"Alsace",68,4,11,68263,"Ranspach-le-Bas",680,10,690
"783",42,"Alsace",68,4,11,68264,"Ranspach-le-Haut",618,17,635
"784",42,"Alsace",68,4,13,68265,"Rantzwiller",819,18,837
"785",42,"Alsace",68,3,6,68266,"Réguisheim",1810,25,1835
"786",42,"Alsace",68,4,27,68267,"Reiningue",1908,29,1937
"787",42,"Alsace",68,1,5,68268,"Retzwiller",634,14,648
"788",42,"Alsace",68,5,20,68269,"Ribeauvillé",4806,186,4992
"789",42,"Alsace",68,4,27,68270,"Richwiller",3516,53,3569
"790",42,"Alsace",68,4,9,68271,"Riedisheim",12012,346,12358
"791",42,"Alsace",68,2,2,68272,"Riedwihr",401,6,407
"792",42,"Alsace",68,1,10,68273,"Riespach",710,32,742
"793",42,"Alsace",68,3,8,68274,"Rimbach-près-Guebwiller",234,1,235
"794",42,"Alsace",68,6,15,68275,"Rimbach-près-Masevaux",489,9,498
"795",42,"Alsace",68,3,8,68276,"Rimbachzell",202,5,207
"796",42,"Alsace",68,5,12,68277,"Riquewihr",1164,40,1204
"797",42,"Alsace",68,4,9,68278,"Rixheim",13632,290,13922
"798",42,"Alsace",68,6,25,68279,"Roderen",898,19,917
"799",42,"Alsace",68,5,20,68280,"Rodern",334,12,346
"800",42,"Alsace",68,3,6,68281,"Roggenhouse",473,6,479
"801",42,"Alsace",68,1,5,68282,"Romagny",229,7,236
"802",42,"Alsace",68,5,23,68283,"Rombach-le-Franc",834,21,855
"803",42,"Alsace",68,1,7,68284,"Roppentzwiller",696,9,705
"804",42,"Alsace",68,5,20,68285,"Rorschwihr",392,12,404
"805",42,"Alsace",68,4,11,68286,"Rosenau",2223,32,2255
"806",42,"Alsace",68,3,21,68287,"Rouffach",4561,296,4857
"807",42,"Alsace",68,1,10,68288,"Ruederbach",367,13,380
"808",42,"Alsace",68,4,31,68289,"Ruelisheim",2320,62,2382
"809",42,"Alsace",68,3,6,68291,"Rumersheim-le-Haut",1122,26,1148
"810",42,"Alsace",68,3,6,68290,"Rustenhart",825,13,838
"811",42,"Alsace",68,6,22,68292,"Saint-Amarin",2338,55,2393
"812",42,"Alsace",68,1,1,68081,"Saint-Bernard",531,8,539
"813",42,"Alsace",68,1,5,68293,"Saint-Cosme",91,1,92
"814",42,"Alsace",68,5,20,68296,"Saint-Hippolyte",1028,19,1047
"815",42,"Alsace",68,4,11,68297,"Saint-Louis",19990,360,20350
"816",42,"Alsace",68,1,10,68299,"Saint-Ulrich",308,3,311
"817",42,"Alsace",68,5,23,68294,"Sainte-Croix-aux-Mines",2021,24,2045
"818",42,"Alsace",68,2,28,68295,"Sainte-Croix-en-Plaine",2794,56,2850
"819",42,"Alsace",68,5,23,68298,"Sainte-Marie-aux-Mines",5290,147,5437
"820",42,"Alsace",68,4,31,68300,"Sausheim",5454,135,5589
"821",42,"Alsace",68,4,13,68301,"Schlierbach",1137,39,1176
"822",42,"Alsace",68,6,3,68302,"Schweighouse-Thann",725,20,745
"823",42,"Alsace",68,1,1,68303,"Schwoben",246,11,257
"824",42,"Alsace",68,6,15,68304,"Sentheim",1669,19,1688
"825",42,"Alsace",68,1,10,68305,"Seppois-le-Bas",1235,14,1249
"826",42,"Alsace",68,1,10,68306,"Seppois-le-Haut",484,10,494
"827",42,"Alsace",68,6,15,68307,"Sewen",529,4,533
"828",42,"Alsace",68,6,15,68308,"Sickert",329,9,338
"829",42,"Alsace",68,4,13,68309,"Sierentz",3244,35,3279
"830",42,"Alsace",68,5,12,68310,"Sigolsheim",1183,34,1217
"831",42,"Alsace",68,2,18,68311,"Sondernach",653,14,667
"832",42,"Alsace",68,1,7,68312,"Sondersdorf",347,11,358
"833",42,"Alsace",68,6,15,68313,"Soppe-le-Bas",740,22,762
"834",42,"Alsace",68,6,15,68314,"Soppe-le-Haut",564,17,581
"835",42,"Alsace",68,3,24,68315,"Soultz-Haut-Rhin",7210,135,7345
"836",42,"Alsace",68,2,18,68316,"Soultzbach-les-Bains",714,11,725
"837",42,"Alsace",68,2,18,68317,"Soultzeren",1145,26,1171
"838",42,"Alsace",68,3,21,68318,"Soultzmatt",2346,52,2398
"839",42,"Alsace",68,1,1,68319,"Spechbach-le-Bas",705,20,725
"840",42,"Alsace",68,1,1,68320,"Spechbach-le-Haut",647,17,664
"841",42,"Alsace",68,6,3,68321,"Staffelfelden",3727,60,3787
"842",42,"Alsace",68,6,3,68322,"Steinbach",1356,35,1391
"843",42,"Alsace",68,4,13,68323,"Steinbrunn-le-Bas",649,19,668
"844",42,"Alsace",68,4,13,68324,"Steinbrunn-le-Haut",584,14,598
"845",42,"Alsace",68,1,10,68325,"Steinsoultz",781,12,793
"846",42,"Alsace",68,1,5,68326,"Sternenberg",156,3,159
"847",42,"Alsace",68,4,13,68327,"Stetten",338,7,345
"848",42,"Alsace",68,6,22,68328,"Storckensohn",228,10,238
"849",42,"Alsace",68,2,18,68329,"Stosswihr",1364,33,1397
"850",42,"Alsace",68,1,10,68330,"Strueth",338,12,350
"851",42,"Alsace",68,2,2,68331,"Sundhoffen",1928,55,1983
"852",42,"Alsace",68,1,1,68332,"Tagolsheim",741,18,759
"853",42,"Alsace",68,1,1,68333,"Tagsdorf",307,15,322
"854",42,"Alsace",68,6,25,68334,"Thann",7931,171,8102
"855",42,"Alsace",68,5,20,68335,"Thannenkirch",443,18,461
"856",42,"Alsace",68,1,5,68336,"Traubach-le-Bas",501,12,513
"857",42,"Alsace",68,1,5,68337,"Traubach-le-Haut",564,14,578
"858",42,"Alsace",68,2,26,68338,"Turckheim",3723,87,3810
"859",42,"Alsace",68,1,10,68340,"Ueberstrass",368,12,380
"860",42,"Alsace",68,4,13,68341,"Uffheim",865,26,891
"861",42,"Alsace",68,6,3,68342,"Uffholtz",1580,28,1608
"862",42,"Alsace",68,3,24,68343,"Ungersheim",2062,32,2094
"863",42,"Alsace",68,6,22,68344,"Urbès",450,9,459
"864",42,"Alsace",68,2,2,68345,"Urschenheim",705,18,723
"865",42,"Alsace",68,1,5,68192,"Valdieu-Lutran",402,9,411
"866",42,"Alsace",68,1,7,68347,"Vieux-Ferrette",657,13,670
"867",42,"Alsace",68,6,25,68348,"Vieux-Thann",2895,69,2964
"868",42,"Alsace",68,4,11,68349,"Village-Neuf",3853,68,3921
"869",42,"Alsace",68,2,26,68350,"Voegtlinshoffen",531,25,556
"870",42,"Alsace",68,2,19,68351,"Vogelgrun",656,9,665
"871",42,"Alsace",68,2,19,68352,"Volgelsheim",2237,29,2266
"872",42,"Alsace",68,4,13,68353,"Wahlbach",492,8,500
"873",42,"Alsace",68,2,26,68354,"Walbach",868,44,912
"874",42,"Alsace",68,1,10,68355,"Waldighofen",1518,19,1537
"875",42,"Alsace",68,1,1,68356,"Walheim",951,19,970
"876",42,"Alsace",68,4,13,68357,"Waltenheim",565,19,584
"877",42,"Alsace",68,2,18,68358,"Wasserbourg",454,13,467
"878",42,"Alsace",68,6,3,68359,"Wattwiller",1731,40,1771
"879",42,"Alsace",68,2,19,68360,"Weckolsheim",612,14,626
"880",42,"Alsace",68,6,15,68361,"Wegscheid",336,8,344
"881",42,"Alsace",68,4,11,68362,"Wentzwiller",696,12,708
"882",42,"Alsace",68,1,7,68363,"Werentzhouse",578,15,593
"883",42,"Alsace",68,3,21,68364,"Westhalten",981,11,992
"884",42,"Alsace",68,2,26,68365,"Wettolsheim",1682,47,1729
"885",42,"Alsace",68,2,2,68366,"Wickerschwihr",772,19,791
"886",42,"Alsace",68,2,2,68367,"Widensolen",1208,20,1228
"887",42,"Alsace",68,2,18,68368,"Wihr-au-Val",1271,35,1306
"888",42,"Alsace",68,6,22,68370,"Wildenstein",192,2,194
"889",42,"Alsace",68,1,1,68371,"Willer",330,6,336
"890",42,"Alsace",68,6,25,68372,"Willer-sur-Thur",1873,32,1905
"891",42,"Alsace",68,1,7,68373,"Winkel",331,13,344
"892",42,"Alsace",68,2,26,68374,"Wintzenheim",7592,430,8022
"893",42,"Alsace",68,6,3,68375,"Wittelsheim",10573,138,10711
"894",42,"Alsace",68,4,27,68376,"Wittenheim",14512,232,14744
"895",42,"Alsace",68,1,1,68377,"Wittersdorf",836,22,858
"896",42,"Alsace",68,1,5,68378,"Wolfersdorf",351,5,356
"897",42,"Alsace",68,2,19,68379,"Wolfgantzen",1037,16,1053
"898",42,"Alsace",68,1,7,68380,"Wolschwiller",467,12,479
"899",42,"Alsace",68,3,24,68381,"Wuenheim",783,19,802
"900",42,"Alsace",68,4,13,68382,"Zaessingue",344,4,348
"901",42,"Alsace",68,5,12,68383,"Zellenberg",357,15,372
"902",42,"Alsace",68,4,17,68384,"Zillisheim",2631,72,2703
"903",42,"Alsace",68,2,26,68385,"Zimmerbach",877,41,918
"904",42,"Alsace",68,4,9,68386,"Zimmersheim",1114,31,1145
